Neighborhood,Price,Bedrooms,Bathrooms,House Size,Description,Neighborhood Description
Cedar Grove,1194506,3,3,2226,"Welcome to this beautifully updated 3-bedroom, 3-bathroom home in Cedar Grove. The open floor plan creates a seamless flow between the living, dining, and kitchen areas. The kitchen boasts quartz countertops, stainless steel appliances, and a large pantry. The master suite features a luxurious bathroom with a soaking tub and dual vanities. Enjoy the outdoors in the spacious backyard with a covered patio and lush landscaping. This Cedar Grove home is ready for you to move in and enjoy.","Located along the waterfront, Cedar Grove offers stunning views and a relaxed coastal lifestyle. Residents can enjoy boating, fishing, and water sports, as well as dining at the waterfront restaurants. The neighborhood is perfect for those who love the outdoors and want to live near the water."
Cedar Grove,1465166,2,3,1965,"Step into this charming 2-bedroom, 3-bathroom home in Cedar Grove and feel right at home. The inviting living room features a vaulted ceiling and large windows that let in plenty of natural light. The kitchen is designed for both style and functionality, with ample counter space and a breakfast nook. The master bedroom offers a peaceful retreat with an en-suite bathroom and walk-in closet. The backyard is perfect for outdoor gatherings, with a deck and garden area. Don't miss out on this Cedar Grove gem.","Cedar Grove is a vibrant and diverse neighborhood with a rich cultural heritage. Explore the local art galleries, theaters, and music venues, or attend one of the many community events and festivals. The neighborhood is known for its welcoming atmosphere and strong sense of community."
Willow Creek,595143,4,2,3804,"Experience luxury living in this stunning 4-bedroom, 2-bathroom residence in Willow Creek. The grand foyer welcomes you with soaring ceilings and elegant finishes. The gourmet kitchen is a chef's dream, featuring high-end appliances, custom cabinetry, and a large island. The expansive master suite includes a spa-like bathroom and a private balcony. Entertain guests in the formal dining room or relax in the outdoor living space with a pool and hot tub. This Willow Creek masterpiece is a must-see.","Willow Creek is a vibrant and diverse neighborhood with a rich cultural heritage. Explore the local art galleries, theaters, and music venues, or attend one of the many community events and festivals. The neighborhood is known for its welcoming atmosphere and strong sense of community."
Hillcrest,1362738,4,4,3663,"Welcome to this beautifully updated 4-bedroom, 4-bathroom home in Hillcrest. The open floor plan creates a seamless flow between the living, dining, and kitchen areas. The kitchen boasts quartz countertops, stainless steel appliances, and a large pantry. The master suite features a luxurious bathroom with a soaking tub and dual vanities. Enjoy the outdoors in the spacious backyard with a covered patio and lush landscaping. This Hillcrest home is ready for you to move in and enjoy.","Nestled in the scenic hills, Hillcrest provides a tranquil retreat from the hustle and bustle of city life. The area features beautiful hiking trails, picturesque views, and a variety of outdoor activities. Residents enjoy the peaceful ambiance and the sense of community that Hillcrest offers."
Riverdale,773247,5,4,3096,"Step into this charming 5-bedroom, 4-bathroom home in Riverdale and feel right at home. The inviting living room features a vaulted ceiling and large windows that let in plenty of natural light. The kitchen is designed for both style and functionality, with ample counter space and a breakfast nook. The master bedroom offers a peaceful retreat with an en-suite bathroom and walk-in closet. The backyard is perfect for outdoor gatherings, with a deck and garden area. Don't miss out on this Riverdale gem.","Riverdale is a vibrant and diverse neighborhood with a rich cultural heritage. Explore the local art galleries, theaters, and music venues, or attend one of the many community events and festivals. The neighborhood is known for its welcoming atmosphere and strong sense of community."
Riverdale,1440999,2,2,3274,"Experience luxury living in this stunning 2-bedroom, 2-bathroom residence in Riverdale. The grand foyer welcomes you with soaring ceilings and elegant finishes. The gourmet kitchen is a chef's dream, featuring high-end appliances, custom cabinetry, and a large island. The expansive master suite includes a spa-like bathroom and a private balcony. Entertain guests in the formal dining room or relax in the outdoor living space with a pool and hot tub. This Riverdale masterpiece is a must-see.","Nestled in the scenic hills, Riverdale provides a tranquil retreat from the hustle and bustle of city life. The area features beautiful hiking trails, picturesque views, and a variety of outdoor activities. Residents enjoy the peaceful ambiance and the sense of community that Riverdale offers."
Cedar Grove,1307405,2,1,2382,"Discover the perfect blend of comfort and convenience in this lovely 2-bedroom, 1-bathroom home located in Cedar Grove. The spacious living room features a cozy fireplace, while the modern kitchen is equipped with stainless steel appliances and granite countertops. The master suite offers a private retreat with an en-suite bathroom and walk-in closet. Enjoy outdoor living in the beautifully landscaped backyard, complete with a patio and garden area. Make this Cedar Grove beauty your new home.","Cedar Grove is a vibrant and diverse neighborhood with a rich cultural heritage. Explore the local art galleries, theaters, and music venues, or attend one of the many community events and festivals. The neighborhood is known for its welcoming atmosphere and strong sense of community."
Maplewood,611524,2,3,1706,"Welcome to this beautifully updated 2-bedroom, 3-bathroom home in Maplewood. The open floor plan creates a seamless flow between the living, dining, and kitchen areas. The kitchen boasts quartz countertops, stainless steel appliances, and a large pantry. The master suite features a luxurious bathroom with a soaking tub and dual vanities. Enjoy the outdoors in the spacious backyard with a covered patio and lush landscaping. This Maplewood home is ready for you to move in and enjoy.","Maplewood is a vibrant and diverse neighborhood with a rich cultural heritage. Explore the local art galleries, theaters, and music venues, or attend one of the many community events and festivals. The neighborhood is known for its welcoming atmosphere and strong sense of community."
Brookside,1028604,5,2,2763,"Experience luxury living in this stunning 5-bedroom, 2-bathroom residence in Brookside. The grand foyer welcomes you with soaring ceilings and elegant finishes. The gourmet kitchen is a chef's dream, featuring high-end appliances, custom cabinetry, and a large island. The expansive master suite includes a spa-like bathroom and a private balcony. Entertain guests in the formal dining room or relax in the outdoor living space with a pool and hot tub. This Brookside masterpiece is a must-see.","Brookside is a vibrant and diverse neighborhood with a rich cultural heritage. Explore the local art galleries, theaters, and music venues, or attend one of the many community events and festivals. The neighborhood is known for its welcoming atmosphere and strong sense of community."
Sunnyvale,717188,2,2,2450,"Step into this charming 2-bedroom, 2-bathroom home in Sunnyvale and feel right at home. The inviting living room features a vaulted ceiling and large windows that let in plenty of natural light. The kitchen is designed for both style and functionality, with ample counter space and a breakfast nook. The master bedroom offers a peaceful retreat with an en-suite bathroom and walk-in closet. The backyard is perfect for outdoor gatherings, with a deck and garden area. Don't miss out on this Sunnyvale gem.","Nestled in the scenic hills, Sunnyvale provides a tranquil retreat from the hustle and bustle of city life. The area features beautiful hiking trails, picturesque views, and a variety of outdoor activities. Residents enjoy the peaceful ambiance and the sense of community that Sunnyvale offers."
Maplewood,541113,4,2,2431,"Experience luxury living in this stunning 4-bedroom, 2-bathroom residence in Maplewood. The grand foyer welcomes you with soaring ceilings and elegant finishes. The gourmet kitchen is a chef's dream, featuring high-end appliances, custom cabinetry, and a large island. The expansive master suite includes a spa-like bathroom and a private balcony. Entertain guests in the formal dining room or relax in the outdoor living space with a pool and hot tub. This Maplewood masterpiece is a must-see.","Nestled in the scenic hills, Maplewood provides a tranquil retreat from the hustle and bustle of city life. The area features beautiful hiking trails, picturesque views, and a variety of outdoor activities. Residents enjoy the peaceful ambiance and the sense of community that Maplewood offers."
Sunnyvale,896905,2,3,2898,"Welcome to this eco-friendly oasis nestled in the heart of Sunnyvale. This charming 2-bedroom, 3-bathroom home boasts energy-efficient features such as solar panels and a well-insulated structure. Natural light floods the living spaces, highlighting the beautiful hardwood floors and eco-conscious finishes. The open-concept kitchen and dining area lead to a spacious backyard with a vegetable garden, perfect for the eco-conscious family. Embrace sustainable living without compromising on style in this Sunnyvale gem.","Sunnyvale is a close-knit, environmentally-conscious community with access to organic grocery stores, community gardens, and bike paths. Take a stroll through the nearby Sunnyvale Park or grab a cup of coffee at the cozy Green Bean Cafe. With easy access to public transportation and bike lanes, commuting is a breeze."
Cedar Grove,1038145,5,4,2653,"Welcome to this eco-friendly oasis nestled in the heart of Cedar Grove. This charming 5-bedroom, 4-bathroom home boasts energy-efficient features such as solar panels and a well-insulated structure. Natural light floods the living spaces, highlighting the beautiful hardwood floors and eco-conscious finishes. The open-concept kitchen and dining area lead to a spacious backyard with a vegetable garden, perfect for the eco-conscious family. Embrace sustainable living without compromising on style in this Cedar Grove gem.","Cedar Grove is a close-knit, environmentally-conscious community with access to organic grocery stores, community gardens, and bike paths. Take a stroll through the nearby Cedar Grove Park or grab a cup of coffee at the cozy Green Bean Cafe. With easy access to public transportation and bike lanes, commuting is a breeze."
Sunnyvale,543235,4,3,3291,"Discover the perfect blend of comfort and convenience in this lovely 4-bedroom, 3-bathroom home located in Sunnyvale. The spacious living room features a cozy fireplace, while the modern kitchen is equipped with stainless steel appliances and granite countertops. The master suite offers a private retreat with an en-suite bathroom and walk-in closet. Enjoy outdoor living in the beautifully landscaped backyard, complete with a patio and garden area. Make this Sunnyvale beauty your new home.","Sunnyvale is a vibrant and diverse neighborhood with a rich cultural heritage. Explore the local art galleries, theaters, and music venues, or attend one of the many community events and festivals. The neighborhood is known for its welcoming atmosphere and strong sense of community."
Green Oaks,666877,3,1,3755,"Discover the perfect blend of comfort and convenience in this lovely 3-bedroom, 1-bathroom home located in Green Oaks. The spacious living room features a cozy fireplace, while the modern kitchen is equipped with stainless steel appliances and granite countertops. The master suite offers a private retreat with an en-suite bathroom and walk-in closet. Enjoy outdoor living in the beautifully landscaped backyard, complete with a patio and garden area. Make this Green Oaks beauty your new home.","Green Oaks is a close-knit, environmentally-conscious community with access to organic grocery stores, community gardens, and bike paths. Take a stroll through the nearby Green Oaks Park or grab a cup of coffee at the cozy Green Bean Cafe. With easy access to public transportation and bike lanes, commuting is a breeze."
Brookside,788110,4,2,2136,"Step into this charming 4-bedroom, 2-bathroom home in Brookside and feel right at home. The inviting living room features a vaulted ceiling and large windows that let in plenty of natural light. The kitchen is designed for both style and functionality, with ample counter space and a breakfast nook. The master bedroom offers a peaceful retreat with an en-suite bathroom and walk-in closet. The backyard is perfect for outdoor gatherings, with a deck and garden area. Don't miss out on this Brookside gem.","Brookside is a close-knit, environmentally-conscious community with access to organic grocery stores, community gardens, and bike paths. Take a stroll through the nearby Brookside Park or grab a cup of coffee at the cozy Green Bean Cafe. With easy access to public transportation and bike lanes, commuting is a breeze."
Pinehurst,1284995,4,4,3912,"Discover the perfect blend of comfort and convenience in this lovely 4-bedroom, 4-bathroom home located in Pinehurst. The spacious living room features a cozy fireplace, while the modern kitchen is equipped with stainless steel appliances and granite countertops. The master suite offers a private retreat with an en-suite bathroom and walk-in closet. Enjoy outdoor living in the beautifully landscaped backyard, complete with a patio and garden area. Make this Pinehurst beauty your new home.","Pinehurst is a close-knit, environmentally-conscious community with access to organic grocery stores, community gardens, and bike paths. Take a stroll through the nearby Pinehurst Park or grab a cup of coffee at the cozy Green Bean Cafe. With easy access to public transportation and bike lanes, commuting is a breeze."
Maplewood,544316,4,2,2523,"Experience luxury living in this stunning 4-bedroom, 2-bathroom residence in Maplewood. The grand foyer welcomes you with soaring ceilings and elegant finishes. The gourmet kitchen is a chef's dream, featuring high-end appliances, custom cabinetry, and a large island. The expansive master suite includes a spa-like bathroom and a private balcony. Entertain guests in the formal dining room or relax in the outdoor living space with a pool and hot tub. This Maplewood masterpiece is a must-see.","Maplewood is a close-knit, environmentally-conscious community with access to organic grocery stores, community gardens, and bike paths. Take a stroll through the nearby Maplewood Park or grab a cup of coffee at the cozy Green Bean Cafe. With easy access to public transportation and bike lanes, commuting is a breeze."
Maplewood,729483,3,2,2889,"Discover the perfect blend of comfort and convenience in this lovely 3-bedroom, 2-bathroom home located in Maplewood. The spacious living room features a cozy fireplace, while the modern kitchen is equipped with stainless steel appliances and granite countertops. The master suite offers a private retreat with an en-suite bathroom and walk-in closet. Enjoy outdoor living in the beautifully landscaped backyard, complete with a patio and garden area. Make this Maplewood beauty your new home.","Nestled in the scenic hills, Maplewood provides a tranquil retreat from the hustle and bustle of city life. The area features beautiful hiking trails, picturesque views, and a variety of outdoor activities. Residents enjoy the peaceful ambiance and the sense of community that Maplewood offers."
Riverdale,1100650,3,4,3902,"Step into this charming 3-bedroom, 4-bathroom home in Riverdale and feel right at home. The inviting living room features a vaulted ceiling and large windows that let in plenty of natural light. The kitchen is designed for both style and functionality, with ample counter space and a breakfast nook. The master bedroom offers a peaceful retreat with an en-suite bathroom and walk-in closet. The backyard is perfect for outdoor gatherings, with a deck and garden area. Don't miss out on this Riverdale gem.","Nestled in the scenic hills, Riverdale provides a tranquil retreat from the hustle and bustle of city life. The area features beautiful hiking trails, picturesque views, and a variety of outdoor activities. Residents enjoy the peaceful ambiance and the sense of community that Riverdale offers."
Brookside,579710,5,4,3135,"Welcome to this beautifully updated 5-bedroom, 4-bathroom home in Brookside. The open floor plan creates a seamless flow between the living, dining, and kitchen areas. The kitchen boasts quartz countertops, stainless steel appliances, and a large pantry. The master suite features a luxurious bathroom with a soaking tub and dual vanities. Enjoy the outdoors in the spacious backyard with a covered patio and lush landscaping. This Brookside home is ready for you to move in and enjoy.","Located along the waterfront, Brookside offers stunning views and a relaxed coastal lifestyle. Residents can enjoy boating, fishing, and water sports, as well as dining at the waterfront restaurants. The neighborhood is perfect for those who love the outdoors and want to live near the water."
Maplewood,1487870,4,1,2965,"Discover the perfect blend of comfort and convenience in this lovely 4-bedroom, 1-bathroom home located in Maplewood. The spacious living room features a cozy fireplace, while the modern kitchen is equipped with stainless steel appliances and granite countertops. The master suite offers a private retreat with an en-suite bathroom and walk-in closet. Enjoy outdoor living in the beautifully landscaped backyard, complete with a patio and garden area. Make this Maplewood beauty your new home.","Maplewood offers a family-friendly atmosphere with top-rated schools, parks, and recreational facilities. Enjoy shopping and dining at the local boutiques and restaurants, or spend a day outdoors at the Maplewood Nature Reserve. The community is known for its friendly neighbors and active lifestyle."
Pinehurst,592988,5,2,2908,"Discover the perfect blend of comfort and convenience in this lovely 5-bedroom, 2-bathroom home located in Pinehurst. The spacious living room features a cozy fireplace, while the modern kitchen is equipped with stainless steel appliances and granite countertops. The master suite offers a private retreat with an en-suite bathroom and walk-in closet. Enjoy outdoor living in the beautifully landscaped backyard, complete with a patio and garden area. Make this Pinehurst beauty your new home.","Pinehurst is a vibrant and diverse neighborhood with a rich cultural heritage. Explore the local art galleries, theaters, and music venues, or attend one of the many community events and festivals. The neighborhood is known for its welcoming atmosphere and strong sense of community."
Hillcrest,1144935,5,1,3133,"Experience luxury living in this stunning 5-bedroom, 1-bathroom residence in Hillcrest. The grand foyer welcomes you with soaring ceilings and elegant finishes. The gourmet kitchen is a chef's dream, featuring high-end appliances, custom cabinetry, and a large island. The expansive master suite includes a spa-like bathroom and a private balcony. Entertain guests in the formal dining room or relax in the outdoor living space with a pool and hot tub. This Hillcrest masterpiece is a must-see.","Located along the waterfront, Hillcrest offers stunning views and a relaxed coastal lifestyle. Residents can enjoy boating, fishing, and water sports, as well as dining at the waterfront restaurants. The neighborhood is perfect for those who love the outdoors and want to live near the water."
Lakeview,1418574,5,1,3329,"Step into this charming 5-bedroom, 1-bathroom home in Lakeview and feel right at home. The inviting living room features a vaulted ceiling and large windows that let in plenty of natural light. The kitchen is designed for both style and functionality, with ample counter space and a breakfast nook. The master bedroom offers a peaceful retreat with an en-suite bathroom and walk-in closet. The backyard is perfect for outdoor gatherings, with a deck and garden area. Don't miss out on this Lakeview gem.","Located along the waterfront, Lakeview offers stunning views and a relaxed coastal lifestyle. Residents can enjoy boating, fishing, and water sports, as well as dining at the waterfront restaurants. The neighborhood is perfect for those who love the outdoors and want to live near the water."
Maplewood,964424,4,3,3588,"Experience luxury living in this stunning 4-bedroom, 3-bathroom residence in Maplewood. The grand foyer welcomes you with soaring ceilings and elegant finishes. The gourmet kitchen is a chef's dream, featuring high-end appliances, custom cabinetry, and a large island. The expansive master suite includes a spa-like bathroom and a private balcony. Entertain guests in the formal dining room or relax in the outdoor living space with a pool and hot tub. This Maplewood masterpiece is a must-see.","Maplewood is a close-knit, environmentally-conscious community with access to organic grocery stores, community gardens, and bike paths. Take a stroll through the nearby Maplewood Park or grab a cup of coffee at the cozy Green Bean Cafe. With easy access to public transportation and bike lanes, commuting is a breeze."
Riverdale,1249953,2,3,2831,"Welcome to this beautifully updated 2-bedroom, 3-bathroom home in Riverdale. The open floor plan creates a seamless flow between the living, dining, and kitchen areas. The kitchen boasts quartz countertops, stainless steel appliances, and a large pantry. The master suite features a luxurious bathroom with a soaking tub and dual vanities. Enjoy the outdoors in the spacious backyard with a covered patio and lush landscaping. This Riverdale home is ready for you to move in and enjoy.","Riverdale offers a family-friendly atmosphere with top-rated schools, parks, and recreational facilities. Enjoy shopping and dining at the local boutiques and restaurants, or spend a day outdoors at the Riverdale Nature Reserve. The community is known for its friendly neighbors and active lifestyle."
Pinehurst,1454300,2,2,1961,"Discover the perfect blend of comfort and convenience in this lovely 2-bedroom, 2-bathroom home located in Pinehurst. The spacious living room features a cozy fireplace, while the modern kitchen is equipped with stainless steel appliances and granite countertops. The master suite offers a private retreat with an en-suite bathroom and walk-in closet. Enjoy outdoor living in the beautifully landscaped backyard, complete with a patio and garden area. Make this Pinehurst beauty your new home.","Pinehurst is a vibrant and diverse neighborhood with a rich cultural heritage. Explore the local art galleries, theaters, and music venues, or attend one of the many community events and festivals. The neighborhood is known for its welcoming atmosphere and strong sense of community."
Willow Creek,1237876,4,3,3215,"Welcome to this eco-friendly oasis nestled in the heart of Willow Creek. This charming 4-bedroom, 3-bathroom home boasts energy-efficient features such as solar panels and a well-insulated structure. Natural light floods the living spaces, highlighting the beautiful hardwood floors and eco-conscious finishes. The open-concept kitchen and dining area lead to a spacious backyard with a vegetable garden, perfect for the eco-conscious family. Embrace sustainable living without compromising on style in this Willow Creek gem.","Nestled in the scenic hills, Willow Creek provides a tranquil retreat from the hustle and bustle of city life. The area features beautiful hiking trails, picturesque views, and a variety of outdoor activities. Residents enjoy the peaceful ambiance and the sense of community that Willow Creek offers."
Maplewood,1023712,4,1,3877,"Welcome to this beautifully updated 4-bedroom, 1-bathroom home in Maplewood. The open floor plan creates a seamless flow between the living, dining, and kitchen areas. The kitchen boasts quartz countertops, stainless steel appliances, and a large pantry. The master suite features a luxurious bathroom with a soaking tub and dual vanities. Enjoy the outdoors in the spacious backyard with a covered patio and lush landscaping. This Maplewood home is ready for you to move in and enjoy.","Nestled in the scenic hills, Maplewood provides a tranquil retreat from the hustle and bustle of city life. The area features beautiful hiking trails, picturesque views, and a variety of outdoor activities. Residents enjoy the peaceful ambiance and the sense of community that Maplewood offers."
Lakeview,1178758,5,3,2132,"Step into this charming 5-bedroom, 3-bathroom home in Lakeview and feel right at home. The inviting living room features a vaulted ceiling and large windows that let in plenty of natural light. The kitchen is designed for both style and functionality, with ample counter space and a breakfast nook. The master bedroom offers a peaceful retreat with an en-suite bathroom and walk-in closet. The backyard is perfect for outdoor gatherings, with a deck and garden area. Don't miss out on this Lakeview gem.","Lakeview offers a family-friendly atmosphere with top-rated schools, parks, and recreational facilities. Enjoy shopping and dining at the local boutiques and restaurants, or spend a day outdoors at the Lakeview Nature Reserve. The community is known for its friendly neighbors and active lifestyle."
Green Oaks,625670,4,4,2927,"Step into this charming 4-bedroom, 4-bathroom home in Green Oaks and feel right at home. The inviting living room features a vaulted ceiling and large windows that let in plenty of natural light. The kitchen is designed for both style and functionality, with ample counter space and a breakfast nook. The master bedroom offers a peaceful retreat with an en-suite bathroom and walk-in closet. The backyard is perfect for outdoor gatherings, with a deck and garden area. Don't miss out on this Green Oaks gem.","Green Oaks offers a family-friendly atmosphere with top-rated schools, parks, and recreational facilities. Enjoy shopping and dining at the local boutiques and restaurants, or spend a day outdoors at the Green Oaks Nature Reserve. The community is known for its friendly neighbors and active lifestyle."
Green Oaks,1033123,4,2,2651,"Welcome to this eco-friendly oasis nestled in the heart of Green Oaks. This charming 4-bedroom, 2-bathroom home boasts energy-efficient features such as solar panels and a well-insulated structure. Natural light floods the living spaces, highlighting the beautiful hardwood floors and eco-conscious finishes. The open-concept kitchen and dining area lead to a spacious backyard with a vegetable garden, perfect for the eco-conscious family. Embrace sustainable living without compromising on style in this Green Oaks gem.","Nestled in the scenic hills, Green Oaks provides a tranquil retreat from the hustle and bustle of city life. The area features beautiful hiking trails, picturesque views, and a variety of outdoor activities. Residents enjoy the peaceful ambiance and the sense of community that Green Oaks offers."
Pinehurst,966302,4,4,1569,"Step into this charming 4-bedroom, 4-bathroom home in Pinehurst and feel right at home. The inviting living room features a vaulted ceiling and large windows that let in plenty of natural light. The kitchen is designed for both style and functionality, with ample counter space and a breakfast nook. The master bedroom offers a peaceful retreat with an en-suite bathroom and walk-in closet. The backyard is perfect for outdoor gatherings, with a deck and garden area. Don't miss out on this Pinehurst gem.","Pinehurst offers a family-friendly atmosphere with top-rated schools, parks, and recreational facilities. Enjoy shopping and dining at the local boutiques and restaurants, or spend a day outdoors at the Pinehurst Nature Reserve. The community is known for its friendly neighbors and active lifestyle."
Cedar Grove,983921,3,3,3693,"Experience luxury living in this stunning 3-bedroom, 3-bathroom residence in Cedar Grove. The grand foyer welcomes you with soaring ceilings and elegant finishes. The gourmet kitchen is a chef's dream, featuring high-end appliances, custom cabinetry, and a large island. The expansive master suite includes a spa-like bathroom and a private balcony. Entertain guests in the formal dining room or relax in the outdoor living space with a pool and hot tub. This Cedar Grove masterpiece is a must-see.","Cedar Grove offers a family-friendly atmosphere with top-rated schools, parks, and recreational facilities. Enjoy shopping and dining at the local boutiques and restaurants, or spend a day outdoors at the Cedar Grove Nature Reserve. The community is known for its friendly neighbors and active lifestyle."
Sunnyvale,1304252,3,3,3088,"Discover the perfect blend of comfort and convenience in this lovely 3-bedroom, 3-bathroom home located in Sunnyvale. The spacious living room features a cozy fireplace, while the modern kitchen is equipped with stainless steel appliances and granite countertops. The master suite offers a private retreat with an en-suite bathroom and walk-in closet. Enjoy outdoor living in the beautifully landscaped backyard, complete with a patio and garden area. Make this Sunnyvale beauty your new home.","Sunnyvale offers a family-friendly atmosphere with top-rated schools, parks, and recreational facilities. Enjoy shopping and dining at the local boutiques and restaurants, or spend a day outdoors at the Sunnyvale Nature Reserve. The community is known for its friendly neighbors and active lifestyle."
Pinehurst,1049283,5,4,3222,"Step into this charming 5-bedroom, 4-bathroom home in Pinehurst and feel right at home. The inviting living room features a vaulted ceiling and large windows that let in plenty of natural light. The kitchen is designed for both style and functionality, with ample counter space and a breakfast nook. The master bedroom offers a peaceful retreat with an en-suite bathroom and walk-in closet. The backyard is perfect for outdoor gatherings, with a deck and garden area. Don't miss out on this Pinehurst gem.","Located along the waterfront, Pinehurst offers stunning views and a relaxed coastal lifestyle. Residents can enjoy boating, fishing, and water sports, as well as dining at the waterfront restaurants. The neighborhood is perfect for those who love the outdoors and want to live near the water."
Green Oaks,765085,2,4,2609,"Discover the perfect blend of comfort and convenience in this lovely 2-bedroom, 4-bathroom home located in Green Oaks. The spacious living room features a cozy fireplace, while the modern kitchen is equipped with stainless steel appliances and granite countertops. The master suite offers a private retreat with an en-suite bathroom and walk-in closet. Enjoy outdoor living in the beautifully landscaped backyard, complete with a patio and garden area. Make this Green Oaks beauty your new home.","Nestled in the scenic hills, Green Oaks provides a tranquil retreat from the hustle and bustle of city life. The area features beautiful hiking trails, picturesque views, and a variety of outdoor activities. Residents enjoy the peaceful ambiance and the sense of community that Green Oaks offers."
Pinehurst,1416553,4,3,3194,"Step into this charming 4-bedroom, 3-bathroom home in Pinehurst and feel right at home. The inviting living room features a vaulted ceiling and large windows that let in plenty of natural light. The kitchen is designed for both style and functionality, with ample counter space and a breakfast nook. The master bedroom offers a peaceful retreat with an en-suite bathroom and walk-in closet. The backyard is perfect for outdoor gatherings, with a deck and garden area. Don't miss out on this Pinehurst gem.","Pinehurst is a close-knit, environmentally-conscious community with access to organic grocery stores, community gardens, and bike paths. Take a stroll through the nearby Pinehurst Park or grab a cup of coffee at the cozy Green Bean Cafe. With easy access to public transportation and bike lanes, commuting is a breeze."
Maplewood,889924,2,1,1610,"Welcome to this eco-friendly oasis nestled in the heart of Maplewood. This charming 2-bedroom, 1-bathroom home boasts energy-efficient features such as solar panels and a well-insulated structure. Natural light floods the living spaces, highlighting the beautiful hardwood floors and eco-conscious finishes. The open-concept kitchen and dining area lead to a spacious backyard with a vegetable garden, perfect for the eco-conscious family. Embrace sustainable living without compromising on style in this Maplewood gem.","Nestled in the scenic hills, Maplewood provides a tranquil retreat from the hustle and bustle of city life. The area features beautiful hiking trails, picturesque views, and a variety of outdoor activities. Residents enjoy the peaceful ambiance and the sense of community that Maplewood offers."
Green Oaks,547384,2,2,3103,"Welcome to this beautifully updated 2-bedroom, 2-bathroom home in Green Oaks. The open floor plan creates a seamless flow between the living, dining, and kitchen areas. The kitchen boasts quartz countertops, stainless steel appliances, and a large pantry. The master suite features a luxurious bathroom with a soaking tub and dual vanities. Enjoy the outdoors in the spacious backyard with a covered patio and lush landscaping. This Green Oaks home is ready for you to move in and enjoy.","Green Oaks is a vibrant and diverse neighborhood with a rich cultural heritage. Explore the local art galleries, theaters, and music venues, or attend one of the many community events and festivals. The neighborhood is known for its welcoming atmosphere and strong sense of community."
Lakeview,600363,5,3,1740,"Discover the perfect blend of comfort and convenience in this lovely 5-bedroom, 3-bathroom home located in Lakeview. The spacious living room features a cozy fireplace, while the modern kitchen is equipped with stainless steel appliances and granite countertops. The master suite offers a private retreat with an en-suite bathroom and walk-in closet. Enjoy outdoor living in the beautifully landscaped backyard, complete with a patio and garden area. Make this Lakeview beauty your new home.","Nestled in the scenic hills, Lakeview provides a tranquil retreat from the hustle and bustle of city life. The area features beautiful hiking trails, picturesque views, and a variety of outdoor activities. Residents enjoy the peaceful ambiance and the sense of community that Lakeview offers."
Cedar Grove,1007861,4,2,3417,"Welcome to this eco-friendly oasis nestled in the heart of Cedar Grove. This charming 4-bedroom, 2-bathroom home boasts energy-efficient features such as solar panels and a well-insulated structure. Natural light floods the living spaces, highlighting the beautiful hardwood floors and eco-conscious finishes. The open-concept kitchen and dining area lead to a spacious backyard with a vegetable garden, perfect for the eco-conscious family. Embrace sustainable living without compromising on style in this Cedar Grove gem.","Cedar Grove is a close-knit, environmentally-conscious community with access to organic grocery stores, community gardens, and bike paths. Take a stroll through the nearby Cedar Grove Park or grab a cup of coffee at the cozy Green Bean Cafe. With easy access to public transportation and bike lanes, commuting is a breeze."
Green Oaks,1037566,4,4,2132,"Discover the perfect blend of comfort and convenience in this lovely 4-bedroom, 4-bathroom home located in Green Oaks. The spacious living room features a cozy fireplace, while the modern kitchen is equipped with stainless steel appliances and granite countertops. The master suite offers a private retreat with an en-suite bathroom and walk-in closet. Enjoy outdoor living in the beautifully landscaped backyard, complete with a patio and garden area. Make this Green Oaks beauty your new home.","Located along the waterfront, Green Oaks offers stunning views and a relaxed coastal lifestyle. Residents can enjoy boating, fishing, and water sports, as well as dining at the waterfront restaurants. The neighborhood is perfect for those who love the outdoors and want to live near the water."
Maplewood,1453203,4,1,2035,"Welcome to this eco-friendly oasis nestled in the heart of Maplewood. This charming 4-bedroom, 1-bathroom home boasts energy-efficient features such as solar panels and a well-insulated structure. Natural light floods the living spaces, highlighting the beautiful hardwood floors and eco-conscious finishes. The open-concept kitchen and dining area lead to a spacious backyard with a vegetable garden, perfect for the eco-conscious family. Embrace sustainable living without compromising on style in this Maplewood gem.","Maplewood is a vibrant and diverse neighborhood with a rich cultural heritage. Explore the local art galleries, theaters, and music venues, or attend one of the many community events and festivals. The neighborhood is known for its welcoming atmosphere and strong sense of community."
Brookside,517429,3,3,2804,"Experience luxury living in this stunning 3-bedroom, 3-bathroom residence in Brookside. The grand foyer welcomes you with soaring ceilings and elegant finishes. The gourmet kitchen is a chef's dream, featuring high-end appliances, custom cabinetry, and a large island. The expansive master suite includes a spa-like bathroom and a private balcony. Entertain guests in the formal dining room or relax in the outdoor living space with a pool and hot tub. This Brookside masterpiece is a must-see.","Brookside is a vibrant and diverse neighborhood with a rich cultural heritage. Explore the local art galleries, theaters, and music venues, or attend one of the many community events and festivals. The neighborhood is known for its welcoming atmosphere and strong sense of community."
Riverdale,795756,4,2,1609,"Experience luxury living in this stunning 4-bedroom, 2-bathroom residence in Riverdale. The grand foyer welcomes you with soaring ceilings and elegant finishes. The gourmet kitchen is a chef's dream, featuring high-end appliances, custom cabinetry, and a large island. The expansive master suite includes a spa-like bathroom and a private balcony. Entertain guests in the formal dining room or relax in the outdoor living space with a pool and hot tub. This Riverdale masterpiece is a must-see.","Riverdale is a close-knit, environmentally-conscious community with access to organic grocery stores, community gardens, and bike paths. Take a stroll through the nearby Riverdale Park or grab a cup of coffee at the cozy Green Bean Cafe. With easy access to public transportation and bike lanes, commuting is a breeze."
Pinehurst,1420922,5,1,2679,"Welcome to this beautifully updated 5-bedroom, 1-bathroom home in Pinehurst. The open floor plan creates a seamless flow between the living, dining, and kitchen areas. The kitchen boasts quartz countertops, stainless steel appliances, and a large pantry. The master suite features a luxurious bathroom with a soaking tub and dual vanities. Enjoy the outdoors in the spacious backyard with a covered patio and lush landscaping. This Pinehurst home is ready for you to move in and enjoy.","Nestled in the scenic hills, Pinehurst provides a tranquil retreat from the hustle and bustle of city life. The area features beautiful hiking trails, picturesque views, and a variety of outdoor activities. Residents enjoy the peaceful ambiance and the sense of community that Pinehurst offers."
Pinehurst,766300,2,2,3278,"Welcome to this beautifully updated 2-bedroom, 2-bathroom home in Pinehurst. The open floor plan creates a seamless flow between the living, dining, and kitchen areas. The kitchen boasts quartz countertops, stainless steel appliances, and a large pantry. The master suite features a luxurious bathroom with a soaking tub and dual vanities. Enjoy the outdoors in the spacious backyard with a covered patio and lush landscaping. This Pinehurst home is ready for you to move in and enjoy.","Pinehurst is a close-knit, environmentally-conscious community with access to organic grocery stores, community gardens, and bike paths. Take a stroll through the nearby Pinehurst Park or grab a cup of coffee at the cozy Green Bean Cafe. With easy access to public transportation and bike lanes, commuting is a breeze."
Willow Creek,884877,3,1,3040,"Discover the perfect blend of comfort and convenience in this lovely 3-bedroom, 1-bathroom home located in Willow Creek. The spacious living room features a cozy fireplace, while the modern kitchen is equipped with stainless steel appliances and granite countertops. The master suite offers a private retreat with an en-suite bathroom and walk-in closet. Enjoy outdoor living in the beautifully landscaped backyard, complete with a patio and garden area. Make this Willow Creek beauty your new home.","Willow Creek is a close-knit, environmentally-conscious community with access to organic grocery stores, community gardens, and bike paths. Take a stroll through the nearby Willow Creek Park or grab a cup of coffee at the cozy Green Bean Cafe. With easy access to public transportation and bike lanes, commuting is a breeze."
Hillcrest,1348669,3,2,3767,"Welcome to this eco-friendly oasis nestled in the heart of Hillcrest. This charming 3-bedroom, 2-bathroom home boasts energy-efficient features such as solar panels and a well-insulated structure. Natural light floods the living spaces, highlighting the beautiful hardwood floors and eco-conscious finishes. The open-concept kitchen and dining area lead to a spacious backyard with a vegetable garden, perfect for the eco-conscious family. Embrace sustainable living without compromising on style in this Hillcrest gem.","Nestled in the scenic hills, Hillcrest provides a tranquil retreat from the hustle and bustle of city life. The area features beautiful hiking trails, picturesque views, and a variety of outdoor activities. Residents enjoy the peaceful ambiance and the sense of community that Hillcrest offers."
Willow Creek,897091,4,2,3124,"Welcome to this eco-friendly oasis nestled in the heart of Willow Creek. This charming 4-bedroom, 2-bathroom home boasts energy-efficient features such as solar panels and a well-insulated structure. Natural light floods the living spaces, highlighting the beautiful hardwood floors and eco-conscious finishes. The open-concept kitchen and dining area lead to a spacious backyard with a vegetable garden, perfect for the eco-conscious family. Embrace sustainable living without compromising on style in this Willow Creek gem.","Willow Creek is a vibrant and diverse neighborhood with a rich cultural heritage. Explore the local art galleries, theaters, and music venues, or attend one of the many community events and festivals. The neighborhood is known for its welcoming atmosphere and strong sense of community."
Pinehurst,856076,2,4,2428,"Discover the perfect blend of comfort and convenience in this lovely 2-bedroom, 4-bathroom home located in Pinehurst. The spacious living room features a cozy fireplace, while the modern kitchen is equipped with stainless steel appliances and granite countertops. The master suite offers a private retreat with an en-suite bathroom and walk-in closet. Enjoy outdoor living in the beautifully landscaped backyard, complete with a patio and garden area. Make this Pinehurst beauty your new home.","Located along the waterfront, Pinehurst offers stunning views and a relaxed coastal lifestyle. Residents can enjoy boating, fishing, and water sports, as well as dining at the waterfront restaurants. The neighborhood is perfect for those who love the outdoors and want to live near the water."
Hillcrest,992529,3,2,2177,"Discover the perfect blend of comfort and convenience in this lovely 3-bedroom, 2-bathroom home located in Hillcrest. The spacious living room features a cozy fireplace, while the modern kitchen is equipped with stainless steel appliances and granite countertops. The master suite offers a private retreat with an en-suite bathroom and walk-in closet. Enjoy outdoor living in the beautifully landscaped backyard, complete with a patio and garden area. Make this Hillcrest beauty your new home.","Hillcrest is a close-knit, environmentally-conscious community with access to organic grocery stores, community gardens, and bike paths. Take a stroll through the nearby Hillcrest Park or grab a cup of coffee at the cozy Green Bean Cafe. With easy access to public transportation and bike lanes, commuting is a breeze."
Hillcrest,1354253,2,4,3998,"Welcome to this beautifully updated 2-bedroom, 4-bathroom home in Hillcrest. The open floor plan creates a seamless flow between the living, dining, and kitchen areas. The kitchen boasts quartz countertops, stainless steel appliances, and a large pantry. The master suite features a luxurious bathroom with a soaking tub and dual vanities. Enjoy the outdoors in the spacious backyard with a covered patio and lush landscaping. This Hillcrest home is ready for you to move in and enjoy.","Nestled in the scenic hills, Hillcrest provides a tranquil retreat from the hustle and bustle of city life. The area features beautiful hiking trails, picturesque views, and a variety of outdoor activities. Residents enjoy the peaceful ambiance and the sense of community that Hillcrest offers."
Sunnyvale,1470088,4,2,3847,"Experience luxury living in this stunning 4-bedroom, 2-bathroom residence in Sunnyvale. The grand foyer welcomes you with soaring ceilings and elegant finishes. The gourmet kitchen is a chef's dream, featuring high-end appliances, custom cabinetry, and a large island. The expansive master suite includes a spa-like bathroom and a private balcony. Entertain guests in the formal dining room or relax in the outdoor living space with a pool and hot tub. This Sunnyvale masterpiece is a must-see.","Sunnyvale is a vibrant and diverse neighborhood with a rich cultural heritage. Explore the local art galleries, theaters, and music venues, or attend one of the many community events and festivals. The neighborhood is known for its welcoming atmosphere and strong sense of community."
Cedar Grove,1080082,5,1,2758,"Welcome to this eco-friendly oasis nestled in the heart of Cedar Grove. This charming 5-bedroom, 1-bathroom home boasts energy-efficient features such as solar panels and a well-insulated structure. Natural light floods the living spaces, highlighting the beautiful hardwood floors and eco-conscious finishes. The open-concept kitchen and dining area lead to a spacious backyard with a vegetable garden, perfect for the eco-conscious family. Embrace sustainable living without compromising on style in this Cedar Grove gem.","Located along the waterfront, Cedar Grove offers stunning views and a relaxed coastal lifestyle. Residents can enjoy boating, fishing, and water sports, as well as dining at the waterfront restaurants. The neighborhood is perfect for those who love the outdoors and want to live near the water."
Hillcrest,708887,2,3,1879,"Welcome to this beautifully updated 2-bedroom, 3-bathroom home in Hillcrest. The open floor plan creates a seamless flow between the living, dining, and kitchen areas. The kitchen boasts quartz countertops, stainless steel appliances, and a large pantry. The master suite features a luxurious bathroom with a soaking tub and dual vanities. Enjoy the outdoors in the spacious backyard with a covered patio and lush landscaping. This Hillcrest home is ready for you to move in and enjoy.","Hillcrest offers a family-friendly atmosphere with top-rated schools, parks, and recreational facilities. Enjoy shopping and dining at the local boutiques and restaurants, or spend a day outdoors at the Hillcrest Nature Reserve. The community is known for its friendly neighbors and active lifestyle."
Pinehurst,1158024,2,3,2515,"Welcome to this beautifully updated 2-bedroom, 3-bathroom home in Pinehurst. The open floor plan creates a seamless flow between the living, dining, and kitchen areas. The kitchen boasts quartz countertops, stainless steel appliances, and a large pantry. The master suite features a luxurious bathroom with a soaking tub and dual vanities. Enjoy the outdoors in the spacious backyard with a covered patio and lush landscaping. This Pinehurst home is ready for you to move in and enjoy.","Nestled in the scenic hills, Pinehurst provides a tranquil retreat from the hustle and bustle of city life. The area features beautiful hiking trails, picturesque views, and a variety of outdoor activities. Residents enjoy the peaceful ambiance and the sense of community that Pinehurst offers."
Sunnyvale,584756,2,1,1510,"Step into this charming 2-bedroom, 1-bathroom home in Sunnyvale and feel right at home. The inviting living room features a vaulted ceiling and large windows that let in plenty of natural light. The kitchen is designed for both style and functionality, with ample counter space and a breakfast nook. The master bedroom offers a peaceful retreat with an en-suite bathroom and walk-in closet. The backyard is perfect for outdoor gatherings, with a deck and garden area. Don't miss out on this Sunnyvale gem.","Sunnyvale is a close-knit, environmentally-conscious community with access to organic grocery stores, community gardens, and bike paths. Take a stroll through the nearby Sunnyvale Park or grab a cup of coffee at the cozy Green Bean Cafe. With easy access to public transportation and bike lanes, commuting is a breeze."
Cedar Grove,1020584,5,1,3405,"Experience luxury living in this stunning 5-bedroom, 1-bathroom residence in Cedar Grove. The grand foyer welcomes you with soaring ceilings and elegant finishes. The gourmet kitchen is a chef's dream, featuring high-end appliances, custom cabinetry, and a large island. The expansive master suite includes a spa-like bathroom and a private balcony. Entertain guests in the formal dining room or relax in the outdoor living space with a pool and hot tub. This Cedar Grove masterpiece is a must-see.","Cedar Grove is a close-knit, environmentally-conscious community with access to organic grocery stores, community gardens, and bike paths. Take a stroll through the nearby Cedar Grove Park or grab a cup of coffee at the cozy Green Bean Cafe. With easy access to public transportation and bike lanes, commuting is a breeze."
Hillcrest,1078449,2,1,2509,"Discover the perfect blend of comfort and convenience in this lovely 2-bedroom, 1-bathroom home located in Hillcrest. The spacious living room features a cozy fireplace, while the modern kitchen is equipped with stainless steel appliances and granite countertops. The master suite offers a private retreat with an en-suite bathroom and walk-in closet. Enjoy outdoor living in the beautifully landscaped backyard, complete with a patio and garden area. Make this Hillcrest beauty your new home.","Hillcrest is a vibrant and diverse neighborhood with a rich cultural heritage. Explore the local art galleries, theaters, and music venues, or attend one of the many community events and festivals. The neighborhood is known for its welcoming atmosphere and strong sense of community."
Willow Creek,1185024,3,1,3783,"Welcome to this eco-friendly oasis nestled in the heart of Willow Creek. This charming 3-bedroom, 1-bathroom home boasts energy-efficient features such as solar panels and a well-insulated structure. Natural light floods the living spaces, highlighting the beautiful hardwood floors and eco-conscious finishes. The open-concept kitchen and dining area lead to a spacious backyard with a vegetable garden, perfect for the eco-conscious family. Embrace sustainable living without compromising on style in this Willow Creek gem.","Located along the waterfront, Willow Creek offers stunning views and a relaxed coastal lifestyle. Residents can enjoy boating, fishing, and water sports, as well as dining at the waterfront restaurants. The neighborhood is perfect for those who love the outdoors and want to live near the water."
Riverdale,947094,3,3,3976,"Welcome to this beautifully updated 3-bedroom, 3-bathroom home in Riverdale. The open floor plan creates a seamless flow between the living, dining, and kitchen areas. The kitchen boasts quartz countertops, stainless steel appliances, and a large pantry. The master suite features a luxurious bathroom with a soaking tub and dual vanities. Enjoy the outdoors in the spacious backyard with a covered patio and lush landscaping. This Riverdale home is ready for you to move in and enjoy.","Nestled in the scenic hills, Riverdale provides a tranquil retreat from the hustle and bustle of city life. The area features beautiful hiking trails, picturesque views, and a variety of outdoor activities. Residents enjoy the peaceful ambiance and the sense of community that Riverdale offers."
Brookside,959841,5,2,3598,"Step into this charming 5-bedroom, 2-bathroom home in Brookside and feel right at home. The inviting living room features a vaulted ceiling and large windows that let in plenty of natural light. The kitchen is designed for both style and functionality, with ample counter space and a breakfast nook. The master bedroom offers a peaceful retreat with an en-suite bathroom and walk-in closet. The backyard is perfect for outdoor gatherings, with a deck and garden area. Don't miss out on this Brookside gem.","Brookside is a close-knit, environmentally-conscious community with access to organic grocery stores, community gardens, and bike paths. Take a stroll through the nearby Brookside Park or grab a cup of coffee at the cozy Green Bean Cafe. With easy access to public transportation and bike lanes, commuting is a breeze."
Pinehurst,1277819,2,2,3511,"Welcome to this beautifully updated 2-bedroom, 2-bathroom home in Pinehurst. The open floor plan creates a seamless flow between the living, dining, and kitchen areas. The kitchen boasts quartz countertops, stainless steel appliances, and a large pantry. The master suite features a luxurious bathroom with a soaking tub and dual vanities. Enjoy the outdoors in the spacious backyard with a covered patio and lush landscaping. This Pinehurst home is ready for you to move in and enjoy.","Nestled in the scenic hills, Pinehurst provides a tranquil retreat from the hustle and bustle of city life. The area features beautiful hiking trails, picturesque views, and a variety of outdoor activities. Residents enjoy the peaceful ambiance and the sense of community that Pinehurst offers."
Sunnyvale,1386163,5,3,3149,"Welcome to this eco-friendly oasis nestled in the heart of Sunnyvale. This charming 5-bedroom, 3-bathroom home boasts energy-efficient features such as solar panels and a well-insulated structure. Natural light floods the living spaces, highlighting the beautiful hardwood floors and eco-conscious finishes. The open-concept kitchen and dining area lead to a spacious backyard with a vegetable garden, perfect for the eco-conscious family. Embrace sustainable living without compromising on style in this Sunnyvale gem.","Located along the waterfront, Sunnyvale offers stunning views and a relaxed coastal lifestyle. Residents can enjoy boating, fishing, and water sports, as well as dining at the waterfront restaurants. The neighborhood is perfect for those who love the outdoors and want to live near the water."
Maplewood,1021638,4,3,2371,"Experience luxury living in this stunning 4-bedroom, 3-bathroom residence in Maplewood. The grand foyer welcomes you with soaring ceilings and elegant finishes. The gourmet kitchen is a chef's dream, featuring high-end appliances, custom cabinetry, and a large island. The expansive master suite includes a spa-like bathroom and a private balcony. Entertain guests in the formal dining room or relax in the outdoor living space with a pool and hot tub. This Maplewood masterpiece is a must-see.","Maplewood is a vibrant and diverse neighborhood with a rich cultural heritage. Explore the local art galleries, theaters, and music venues, or attend one of the many community events and festivals. The neighborhood is known for its welcoming atmosphere and strong sense of community."
Willow Creek,779681,2,2,1745,"Discover the perfect blend of comfort and convenience in this lovely 2-bedroom, 2-bathroom home located in Willow Creek. The spacious living room features a cozy fireplace, while the modern kitchen is equipped with stainless steel appliances and granite countertops. The master suite offers a private retreat with an en-suite bathroom and walk-in closet. Enjoy outdoor living in the beautifully landscaped backyard, complete with a patio and garden area. Make this Willow Creek beauty your new home.","Willow Creek is a vibrant and diverse neighborhood with a rich cultural heritage. Explore the local art galleries, theaters, and music venues, or attend one of the many community events and festivals. The neighborhood is known for its welcoming atmosphere and strong sense of community."
Willow Creek,1123256,2,1,2592,"Welcome to this beautifully updated 2-bedroom, 1-bathroom home in Willow Creek. The open floor plan creates a seamless flow between the living, dining, and kitchen areas. The kitchen boasts quartz countertops, stainless steel appliances, and a large pantry. The master suite features a luxurious bathroom with a soaking tub and dual vanities. Enjoy the outdoors in the spacious backyard with a covered patio and lush landscaping. This Willow Creek home is ready for you to move in and enjoy.","Nestled in the scenic hills, Willow Creek provides a tranquil retreat from the hustle and bustle of city life. The area features beautiful hiking trails, picturesque views, and a variety of outdoor activities. Residents enjoy the peaceful ambiance and the sense of community that Willow Creek offers."
Pinehurst,1169098,4,2,3063,"Welcome to this beautifully updated 4-bedroom, 2-bathroom home in Pinehurst. The open floor plan creates a seamless flow between the living, dining, and kitchen areas. The kitchen boasts quartz countertops, stainless steel appliances, and a large pantry. The master suite features a luxurious bathroom with a soaking tub and dual vanities. Enjoy the outdoors in the spacious backyard with a covered patio and lush landscaping. This Pinehurst home is ready for you to move in and enjoy.","Pinehurst offers a family-friendly atmosphere with top-rated schools, parks, and recreational facilities. Enjoy shopping and dining at the local boutiques and restaurants, or spend a day outdoors at the Pinehurst Nature Reserve. The community is known for its friendly neighbors and active lifestyle."
Cedar Grove,535100,3,1,3379,"Step into this charming 3-bedroom, 1-bathroom home in Cedar Grove and feel right at home. The inviting living room features a vaulted ceiling and large windows that let in plenty of natural light. The kitchen is designed for both style and functionality, with ample counter space and a breakfast nook. The master bedroom offers a peaceful retreat with an en-suite bathroom and walk-in closet. The backyard is perfect for outdoor gatherings, with a deck and garden area. Don't miss out on this Cedar Grove gem.","Nestled in the scenic hills, Cedar Grove provides a tranquil retreat from the hustle and bustle of city life. The area features beautiful hiking trails, picturesque views, and a variety of outdoor activities. Residents enjoy the peaceful ambiance and the sense of community that Cedar Grove offers."
Brookside,754937,4,1,2471,"Step into this charming 4-bedroom, 1-bathroom home in Brookside and feel right at home. The inviting living room features a vaulted ceiling and large windows that let in plenty of natural light. The kitchen is designed for both style and functionality, with ample counter space and a breakfast nook. The master bedroom offers a peaceful retreat with an en-suite bathroom and walk-in closet. The backyard is perfect for outdoor gatherings, with a deck and garden area. Don't miss out on this Brookside gem.","Brookside is a close-knit, environmentally-conscious community with access to organic grocery stores, community gardens, and bike paths. Take a stroll through the nearby Brookside Park or grab a cup of coffee at the cozy Green Bean Cafe. With easy access to public transportation and bike lanes, commuting is a breeze."
Green Oaks,522608,2,3,2585,"Welcome to this beautifully updated 2-bedroom, 3-bathroom home in Green Oaks. The open floor plan creates a seamless flow between the living, dining, and kitchen areas. The kitchen boasts quartz countertops, stainless steel appliances, and a large pantry. The master suite features a luxurious bathroom with a soaking tub and dual vanities. Enjoy the outdoors in the spacious backyard with a covered patio and lush landscaping. This Green Oaks home is ready for you to move in and enjoy.","Green Oaks is a vibrant and diverse neighborhood with a rich cultural heritage. Explore the local art galleries, theaters, and music venues, or attend one of the many community events and festivals. The neighborhood is known for its welcoming atmosphere and strong sense of community."
Pinehurst,614542,4,2,3473,"Experience luxury living in this stunning 4-bedroom, 2-bathroom residence in Pinehurst. The grand foyer welcomes you with soaring ceilings and elegant finishes. The gourmet kitchen is a chef's dream, featuring high-end appliances, custom cabinetry, and a large island. The expansive master suite includes a spa-like bathroom and a private balcony. Entertain guests in the formal dining room or relax in the outdoor living space with a pool and hot tub. This Pinehurst masterpiece is a must-see.","Pinehurst is a vibrant and diverse neighborhood with a rich cultural heritage. Explore the local art galleries, theaters, and music venues, or attend one of the many community events and festivals. The neighborhood is known for its welcoming atmosphere and strong sense of community."
Green Oaks,1465131,5,2,3600,"Experience luxury living in this stunning 5-bedroom, 2-bathroom residence in Green Oaks. The grand foyer welcomes you with soaring ceilings and elegant finishes. The gourmet kitchen is a chef's dream, featuring high-end appliances, custom cabinetry, and a large island. The expansive master suite includes a spa-like bathroom and a private balcony. Entertain guests in the formal dining room or relax in the outdoor living space with a pool and hot tub. This Green Oaks masterpiece is a must-see.","Nestled in the scenic hills, Green Oaks provides a tranquil retreat from the hustle and bustle of city life. The area features beautiful hiking trails, picturesque views, and a variety of outdoor activities. Residents enjoy the peaceful ambiance and the sense of community that Green Oaks offers."
Pinehurst,1353510,2,3,3053,"Discover the perfect blend of comfort and convenience in this lovely 2-bedroom, 3-bathroom home located in Pinehurst. The spacious living room features a cozy fireplace, while the modern kitchen is equipped with stainless steel appliances and granite countertops. The master suite offers a private retreat with an en-suite bathroom and walk-in closet. Enjoy outdoor living in the beautifully landscaped backyard, complete with a patio and garden area. Make this Pinehurst beauty your new home.","Pinehurst is a close-knit, environmentally-conscious community with access to organic grocery stores, community gardens, and bike paths. Take a stroll through the nearby Pinehurst Park or grab a cup of coffee at the cozy Green Bean Cafe. With easy access to public transportation and bike lanes, commuting is a breeze."
Green Oaks,820853,3,2,2778,"Step into this charming 3-bedroom, 2-bathroom home in Green Oaks and feel right at home. The inviting living room features a vaulted ceiling and large windows that let in plenty of natural light. The kitchen is designed for both style and functionality, with ample counter space and a breakfast nook. The master bedroom offers a peaceful retreat with an en-suite bathroom and walk-in closet. The backyard is perfect for outdoor gatherings, with a deck and garden area. Don't miss out on this Green Oaks gem.","Green Oaks is a close-knit, environmentally-conscious community with access to organic grocery stores, community gardens, and bike paths. Take a stroll through the nearby Green Oaks Park or grab a cup of coffee at the cozy Green Bean Cafe. With easy access to public transportation and bike lanes, commuting is a breeze."
Maplewood,709843,4,3,2362,"Discover the perfect blend of comfort and convenience in this lovely 4-bedroom, 3-bathroom home located in Maplewood. The spacious living room features a cozy fireplace, while the modern kitchen is equipped with stainless steel appliances and granite countertops. The master suite offers a private retreat with an en-suite bathroom and walk-in closet. Enjoy outdoor living in the beautifully landscaped backyard, complete with a patio and garden area. Make this Maplewood beauty your new home.","Located along the waterfront, Maplewood offers stunning views and a relaxed coastal lifestyle. Residents can enjoy boating, fishing, and water sports, as well as dining at the waterfront restaurants. The neighborhood is perfect for those who love the outdoors and want to live near the water."
Lakeview,539701,3,2,2915,"Experience luxury living in this stunning 3-bedroom, 2-bathroom residence in Lakeview. The grand foyer welcomes you with soaring ceilings and elegant finishes. The gourmet kitchen is a chef's dream, featuring high-end appliances, custom cabinetry, and a large island. The expansive master suite includes a spa-like bathroom and a private balcony. Entertain guests in the formal dining room or relax in the outdoor living space with a pool and hot tub. This Lakeview masterpiece is a must-see.","Lakeview is a close-knit, environmentally-conscious community with access to organic grocery stores, community gardens, and bike paths. Take a stroll through the nearby Lakeview Park or grab a cup of coffee at the cozy Green Bean Cafe. With easy access to public transportation and bike lanes, commuting is a breeze."
Cedar Grove,570201,2,3,3906,"Discover the perfect blend of comfort and convenience in this lovely 2-bedroom, 3-bathroom home located in Cedar Grove. The spacious living room features a cozy fireplace, while the modern kitchen is equipped with stainless steel appliances and granite countertops. The master suite offers a private retreat with an en-suite bathroom and walk-in closet. Enjoy outdoor living in the beautifully landscaped backyard, complete with a patio and garden area. Make this Cedar Grove beauty your new home.","Cedar Grove is a vibrant and diverse neighborhood with a rich cultural heritage. Explore the local art galleries, theaters, and music venues, or attend one of the many community events and festivals. The neighborhood is known for its welcoming atmosphere and strong sense of community."
Maplewood,991667,4,4,1697,"Step into this charming 4-bedroom, 4-bathroom home in Maplewood and feel right at home. The inviting living room features a vaulted ceiling and large windows that let in plenty of natural light. The kitchen is designed for both style and functionality, with ample counter space and a breakfast nook. The master bedroom offers a peaceful retreat with an en-suite bathroom and walk-in closet. The backyard is perfect for outdoor gatherings, with a deck and garden area. Don't miss out on this Maplewood gem.","Located along the waterfront, Maplewood offers stunning views and a relaxed coastal lifestyle. Residents can enjoy boating, fishing, and water sports, as well as dining at the waterfront restaurants. The neighborhood is perfect for those who love the outdoors and want to live near the water."
Pinehurst,944954,4,4,2807,"Experience luxury living in this stunning 4-bedroom, 4-bathroom residence in Pinehurst. The grand foyer welcomes you with soaring ceilings and elegant finishes. The gourmet kitchen is a chef's dream, featuring high-end appliances, custom cabinetry, and a large island. The expansive master suite includes a spa-like bathroom and a private balcony. Entertain guests in the formal dining room or relax in the outdoor living space with a pool and hot tub. This Pinehurst masterpiece is a must-see.","Nestled in the scenic hills, Pinehurst provides a tranquil retreat from the hustle and bustle of city life. The area features beautiful hiking trails, picturesque views, and a variety of outdoor activities. Residents enjoy the peaceful ambiance and the sense of community that Pinehurst offers."
Maplewood,1023961,5,1,1692,"Step into this charming 5-bedroom, 1-bathroom home in Maplewood and feel right at home. The inviting living room features a vaulted ceiling and large windows that let in plenty of natural light. The kitchen is designed for both style and functionality, with ample counter space and a breakfast nook. The master bedroom offers a peaceful retreat with an en-suite bathroom and walk-in closet. The backyard is perfect for outdoor gatherings, with a deck and garden area. Don't miss out on this Maplewood gem.","Located along the waterfront, Maplewood offers stunning views and a relaxed coastal lifestyle. Residents can enjoy boating, fishing, and water sports, as well as dining at the waterfront restaurants. The neighborhood is perfect for those who love the outdoors and want to live near the water."
Maplewood,854712,5,4,1705,"Welcome to this eco-friendly oasis nestled in the heart of Maplewood. This charming 5-bedroom, 4-bathroom home boasts energy-efficient features such as solar panels and a well-insulated structure. Natural light floods the living spaces, highlighting the beautiful hardwood floors and eco-conscious finishes. The open-concept kitchen and dining area lead to a spacious backyard with a vegetable garden, perfect for the eco-conscious family. Embrace sustainable living without compromising on style in this Maplewood gem.","Located along the waterfront, Maplewood offers stunning views and a relaxed coastal lifestyle. Residents can enjoy boating, fishing, and water sports, as well as dining at the waterfront restaurants. The neighborhood is perfect for those who love the outdoors and want to live near the water."
Riverdale,853703,5,4,3547,"Experience luxury living in this stunning 5-bedroom, 4-bathroom residence in Riverdale. The grand foyer welcomes you with soaring ceilings and elegant finishes. The gourmet kitchen is a chef's dream, featuring high-end appliances, custom cabinetry, and a large island. The expansive master suite includes a spa-like bathroom and a private balcony. Entertain guests in the formal dining room or relax in the outdoor living space with a pool and hot tub. This Riverdale masterpiece is a must-see.","Located along the waterfront, Riverdale offers stunning views and a relaxed coastal lifestyle. Residents can enjoy boating, fishing, and water sports, as well as dining at the waterfront restaurants. The neighborhood is perfect for those who love the outdoors and want to live near the water."
Cedar Grove,718135,3,1,3165,"Step into this charming 3-bedroom, 1-bathroom home in Cedar Grove and feel right at home. The inviting living room features a vaulted ceiling and large windows that let in plenty of natural light. The kitchen is designed for both style and functionality, with ample counter space and a breakfast nook. The master bedroom offers a peaceful retreat with an en-suite bathroom and walk-in closet. The backyard is perfect for outdoor gatherings, with a deck and garden area. Don't miss out on this Cedar Grove gem.","Nestled in the scenic hills, Cedar Grove provides a tranquil retreat from the hustle and bustle of city life. The area features beautiful hiking trails, picturesque views, and a variety of outdoor activities. Residents enjoy the peaceful ambiance and the sense of community that Cedar Grove offers."
Maplewood,615502,5,4,1578,"Discover the perfect blend of comfort and convenience in this lovely 5-bedroom, 4-bathroom home located in Maplewood. The spacious living room features a cozy fireplace, while the modern kitchen is equipped with stainless steel appliances and granite countertops. The master suite offers a private retreat with an en-suite bathroom and walk-in closet. Enjoy outdoor living in the beautifully landscaped backyard, complete with a patio and garden area. Make this Maplewood beauty your new home.","Maplewood is a close-knit, environmentally-conscious community with access to organic grocery stores, community gardens, and bike paths. Take a stroll through the nearby Maplewood Park or grab a cup of coffee at the cozy Green Bean Cafe. With easy access to public transportation and bike lanes, commuting is a breeze."
Green Oaks,850630,3,4,3500,"Step into this charming 3-bedroom, 4-bathroom home in Green Oaks and feel right at home. The inviting living room features a vaulted ceiling and large windows that let in plenty of natural light. The kitchen is designed for both style and functionality, with ample counter space and a breakfast nook. The master bedroom offers a peaceful retreat with an en-suite bathroom and walk-in closet. The backyard is perfect for outdoor gatherings, with a deck and garden area. Don't miss out on this Green Oaks gem.","Green Oaks is a close-knit, environmentally-conscious community with access to organic grocery stores, community gardens, and bike paths. Take a stroll through the nearby Green Oaks Park or grab a cup of coffee at the cozy Green Bean Cafe. With easy access to public transportation and bike lanes, commuting is a breeze."
Sunnyvale,888796,4,1,2900,"Experience luxury living in this stunning 4-bedroom, 1-bathroom residence in Sunnyvale. The grand foyer welcomes you with soaring ceilings and elegant finishes. The gourmet kitchen is a chef's dream, featuring high-end appliances, custom cabinetry, and a large island. The expansive master suite includes a spa-like bathroom and a private balcony. Entertain guests in the formal dining room or relax in the outdoor living space with a pool and hot tub. This Sunnyvale masterpiece is a must-see.","Sunnyvale offers a family-friendly atmosphere with top-rated schools, parks, and recreational facilities. Enjoy shopping and dining at the local boutiques and restaurants, or spend a day outdoors at the Sunnyvale Nature Reserve. The community is known for its friendly neighbors and active lifestyle."
Brookside,858890,4,1,2839,"Step into this charming 4-bedroom, 1-bathroom home in Brookside and feel right at home. The inviting living room features a vaulted ceiling and large windows that let in plenty of natural light. The kitchen is designed for both style and functionality, with ample counter space and a breakfast nook. The master bedroom offers a peaceful retreat with an en-suite bathroom and walk-in closet. The backyard is perfect for outdoor gatherings, with a deck and garden area. Don't miss out on this Brookside gem.","Brookside is a close-knit, environmentally-conscious community with access to organic grocery stores, community gardens, and bike paths. Take a stroll through the nearby Brookside Park or grab a cup of coffee at the cozy Green Bean Cafe. With easy access to public transportation and bike lanes, commuting is a breeze."
Riverdale,1446056,3,1,2187,"Experience luxury living in this stunning 3-bedroom, 1-bathroom residence in Riverdale. The grand foyer welcomes you with soaring ceilings and elegant finishes. The gourmet kitchen is a chef's dream, featuring high-end appliances, custom cabinetry, and a large island. The expansive master suite includes a spa-like bathroom and a private balcony. Entertain guests in the formal dining room or relax in the outdoor living space with a pool and hot tub. This Riverdale masterpiece is a must-see.","Located along the waterfront, Riverdale offers stunning views and a relaxed coastal lifestyle. Residents can enjoy boating, fishing, and water sports, as well as dining at the waterfront restaurants. The neighborhood is perfect for those who love the outdoors and want to live near the water."
Maplewood,554060,3,1,1695,"Welcome to this eco-friendly oasis nestled in the heart of Maplewood. This charming 3-bedroom, 1-bathroom home boasts energy-efficient features such as solar panels and a well-insulated structure. Natural light floods the living spaces, highlighting the beautiful hardwood floors and eco-conscious finishes. The open-concept kitchen and dining area lead to a spacious backyard with a vegetable garden, perfect for the eco-conscious family. Embrace sustainable living without compromising on style in this Maplewood gem.","Maplewood offers a family-friendly atmosphere with top-rated schools, parks, and recreational facilities. Enjoy shopping and dining at the local boutiques and restaurants, or spend a day outdoors at the Maplewood Nature Reserve. The community is known for its friendly neighbors and active lifestyle."
Hillcrest,814832,3,4,2766,"Experience luxury living in this stunning 3-bedroom, 4-bathroom residence in Hillcrest. The grand foyer welcomes you with soaring ceilings and elegant finishes. The gourmet kitchen is a chef's dream, featuring high-end appliances, custom cabinetry, and a large island. The expansive master suite includes a spa-like bathroom and a private balcony. Entertain guests in the formal dining room or relax in the outdoor living space with a pool and hot tub. This Hillcrest masterpiece is a must-see.","Nestled in the scenic hills, Hillcrest provides a tranquil retreat from the hustle and bustle of city life. The area features beautiful hiking trails, picturesque views, and a variety of outdoor activities. Residents enjoy the peaceful ambiance and the sense of community that Hillcrest offers."
Cedar Grove,705677,4,4,1727,"Step into this charming 4-bedroom, 4-bathroom home in Cedar Grove and feel right at home. The inviting living room features a vaulted ceiling and large windows that let in plenty of natural light. The kitchen is designed for both style and functionality, with ample counter space and a breakfast nook. The master bedroom offers a peaceful retreat with an en-suite bathroom and walk-in closet. The backyard is perfect for outdoor gatherings, with a deck and garden area. Don't miss out on this Cedar Grove gem.","Located along the waterfront, Cedar Grove offers stunning views and a relaxed coastal lifestyle. Residents can enjoy boating, fishing, and water sports, as well as dining at the waterfront restaurants. The neighborhood is perfect for those who love the outdoors and want to live near the water."
Willow Creek,938725,4,1,3724,"Welcome to this beautifully updated 4-bedroom, 1-bathroom home in Willow Creek. The open floor plan creates a seamless flow between the living, dining, and kitchen areas. The kitchen boasts quartz countertops, stainless steel appliances, and a large pantry. The master suite features a luxurious bathroom with a soaking tub and dual vanities. Enjoy the outdoors in the spacious backyard with a covered patio and lush landscaping. This Willow Creek home is ready for you to move in and enjoy.","Located along the waterfront, Willow Creek offers stunning views and a relaxed coastal lifestyle. Residents can enjoy boating, fishing, and water sports, as well as dining at the waterfront restaurants. The neighborhood is perfect for those who love the outdoors and want to live near the water."
Maplewood,729621,4,2,3889,"Step into this charming 4-bedroom, 2-bathroom home in Maplewood and feel right at home. The inviting living room features a vaulted ceiling and large windows that let in plenty of natural light. The kitchen is designed for both style and functionality, with ample counter space and a breakfast nook. The master bedroom offers a peaceful retreat with an en-suite bathroom and walk-in closet. The backyard is perfect for outdoor gatherings, with a deck and garden area. Don't miss out on this Maplewood gem.","Maplewood offers a family-friendly atmosphere with top-rated schools, parks, and recreational facilities. Enjoy shopping and dining at the local boutiques and restaurants, or spend a day outdoors at the Maplewood Nature Reserve. The community is known for its friendly neighbors and active lifestyle."
Green Oaks,562505,3,4,2401,"Welcome to this beautifully updated 3-bedroom, 4-bathroom home in Green Oaks. The open floor plan creates a seamless flow between the living, dining, and kitchen areas. The kitchen boasts quartz countertops, stainless steel appliances, and a large pantry. The master suite features a luxurious bathroom with a soaking tub and dual vanities. Enjoy the outdoors in the spacious backyard with a covered patio and lush landscaping. This Green Oaks home is ready for you to move in and enjoy.","Located along the waterfront, Green Oaks offers stunning views and a relaxed coastal lifestyle. Residents can enjoy boating, fishing, and water sports, as well as dining at the waterfront restaurants. The neighborhood is perfect for those who love the outdoors and want to live near the water."
Brookside,911157,2,3,3335,"Welcome to this eco-friendly oasis nestled in the heart of Brookside. This charming 2-bedroom, 3-bathroom home boasts energy-efficient features such as solar panels and a well-insulated structure. Natural light floods the living spaces, highlighting the beautiful hardwood floors and eco-conscious finishes. The open-concept kitchen and dining area lead to a spacious backyard with a vegetable garden, perfect for the eco-conscious family. Embrace sustainable living without compromising on style in this Brookside gem.","Nestled in the scenic hills, Brookside provides a tranquil retreat from the hustle and bustle of city life. The area features beautiful hiking trails, picturesque views, and a variety of outdoor activities. Residents enjoy the peaceful ambiance and the sense of community that Brookside offers."
Pinehurst,1020752,5,4,1828,"Welcome to this eco-friendly oasis nestled in the heart of Pinehurst. This charming 5-bedroom, 4-bathroom home boasts energy-efficient features such as solar panels and a well-insulated structure. Natural light floods the living spaces, highlighting the beautiful hardwood floors and eco-conscious finishes. The open-concept kitchen and dining area lead to a spacious backyard with a vegetable garden, perfect for the eco-conscious family. Embrace sustainable living without compromising on style in this Pinehurst gem.","Pinehurst is a vibrant and diverse neighborhood with a rich cultural heritage. Explore the local art galleries, theaters, and music venues, or attend one of the many community events and festivals. The neighborhood is known for its welcoming atmosphere and strong sense of community."
